{"cameraMode":{"drawMode":0,"name":"Shaded","section":"Shading Mode"},"sceneLighting":false,"audioPlay":false,"sceneViewState":{"showFog":true,"showMaterialUpdate":false,"showSkybox":false,"showFlares":true,"showImageEffects":true,"showParticleSystems":true},"in2DMode":false,"pivot":{"x":0.2154378890991211,"y":0.564490556716919,"z":0.9050014019012451},"rotation":{"x":-0.09042690694332123,"y":0.5617564916610718,"z":-0.06191348284482956,"w":-0.82004714012146},"size":7.108929634094238,"orthographic":false}