{"cameraMode":{"drawMode":0,"name":"Shaded","section":"Shading Mode"},"sceneLighting":false,"audioPlay":false,"sceneViewState":{"showFog":true,"showMaterialUpdate":false,"showSkybox":false,"showFlares":true,"showImageEffects":true,"showParticleSystems":true},"in2DMode":false,"pivot":{"x":1.2083162069320679,"y":4.266127109527588,"z":-3.561199903488159},"rotation":{"x":-0.49626433849334719,"y":-0.15155501663684846,"z":0.08846797794103623,"w":-0.8502848744392395},"size":3.3000171184539797,"orthographic":false}