{"cameraMode":{"drawMode":0,"name":"Shaded","section":"Shading Mode"},"sceneLighting":false,"audioPlay":false,"sceneViewState":{"showFog":true,"showMaterialUpdate":false,"showSkybox":false,"showFlares":true,"showImageEffects":true,"showParticleSystems":true},"in2DMode":false,"pivot":{"x":2.37107515335083,"y":-10.556632995605469,"z":-20.50066375732422},"rotation":{"x":-0.5315406918525696,"y":0.07401694357395172,"z":-0.04666093364357948,"w":-0.8425486087799072},"size":47.74451446533203,"orthographic":false}